{
    "PushKit.framework": 1,
    
    "AudioToolbox.framework": 1,
    "AVFoundation.framework": 2,
    "CoreBluetooth.framework": 1,
    "CoreLocation.framework": 3,
    "CoreMedia.framework": 1,
    "CoreMotion.framework": 1,
    "CoreTelephony.framework": 1,
    "CoreVideo.framework": 1,
    "EventKit.framework": 1,
    "EventKitUI.framework": 1,
    "Foundation.framework": 1,
    "GLKit.framework": 1,
    "MediaPlayer.framework": 2,
    "MessageUI.framework": 2,
    "OpenGLES.framework": 1,
    "SafariServices.framework": 1,
    "StoreKit.framework": 1,
    "SystemConfiguration.framework": 1,
    "UIKit.framework": 1,
    "CFNetwork.framework": 1,
    "ImageIO.framework": 1,
    "Social.framework": 1
}